<?xml version="1.0" encoding="UTF-8"?>
<project-private xmlns="http://www.netbeans.org/ns/project-private/1">
    <editor-bookmarks xmlns="http://www.netbeans.org/ns/editor-bookmarks/2" lastBookmarkId="0"/>
    <open-files xmlns="http://www.netbeans.org/ns/projectui-open-files/2">
        <group>
            <file>file:/C:/xampp/htdocs/ProjTry2/createDB.php</file>
            <file>file:/C:/xampp/htdocs/ProjTry2/config.php</file>
            <file>file:/C:/xampp/htdocs/ProjTry2/createTable.php</file>
            <file>file:/C:/xampp/htdocs/ProjTry2/dashboard.php</file>
            <file>file:/C:/xampp/htdocs/ProjTry2/login.php</file>
            <file>file:/C:/xampp/htdocs/ProjTry2/resetpass.php</file>
            <file>file:/C:/xampp/htdocs/ProjTry2/about.html</file>
            <file>file:/C:/xampp/htdocs/ProjTry2/index.html</file>
            <file>file:/C:/xampp/htdocs/ProjTry2/forgetPW.php</file>
            <file>file:/C:/xampp/htdocs/ProjTry2/artists.php</file>
            <file>file:/C:/xampp/htdocs/ProjTry2/contact.html</file>
            <file>file:/C:/xampp/htdocs/ProjTry2/signup.php</file>
            <file>file:/C:/xampp/htdocs/ProjTry2/contact.php</file>
            <file>file:/C:/xampp/htdocs/ProjTry2/welcome1.php</file>
        </group>
    </open-files>
</project-private>
